{"cameraMode":{"drawMode":0,"name":"Shaded","section":"Shading Mode"},"sceneLighting":false,"audioPlay":false,"sceneViewState":{"m_AlwaysRefresh":false,"showFog":true,"showSkybox":false,"showFlares":true,"showImageEffects":true,"showParticleSystems":true,"showVisualEffectGraphs":true,"m_FxEnabled":true},"in2DMode":false,"pivot":{"x":8.182351112365723,"y":3.986078977584839,"z":21.955698013305665},"rotation":{"x":-0.013935894705355168,"y":-0.5591081976890564,"z":0.00939868949353695,"w":-0.8289274573326111},"size":0.36285915970802309,"orthographic":false}