{"cameraMode":{"drawMode":0,"name":"Shaded","section":"Shading Mode"},"sceneLighting":true,"audioPlay":false,"sceneViewState":{"m_AlwaysRefresh":false,"showFog":true,"showSkybox":true,"showFlares":true,"showImageEffects":true,"showParticleSystems":true,"showVisualEffectGraphs":true,"m_FxEnabled":true},"in2DMode":false,"pivot":{"x":38.639495849609378,"y":3.2989675998687746,"z":18.700653076171876},"rotation":{"x":-0.05042024329304695,"y":-0.5765926837921143,"z":0.03568439558148384,"w":-0.8146939277648926},"size":23.07859992980957,"orthographic":false}