{"cameraMode":{"drawMode":0,"name":"Shaded","section":"Shading Mode"},"sceneLighting":true,"audioPlay":false,"sceneViewState":{"m_AlwaysRefresh":false,"showFog":true,"showSkybox":true,"showFlares":true,"showImageEffects":true,"showParticleSystems":true,"showVisualEffectGraphs":true,"m_FxEnabled":true},"in2DMode":false,"pivot":{"x":71.97261047363281,"y":6.275022029876709,"z":-0.8012254238128662},"rotation":{"x":0.007535135373473167,"y":0.6963833570480347,"z":-0.0073123653419315819,"w":0.7175948619842529},"size":19.664180755615236,"orthographic":false}