{"cameraMode":{"drawMode":0,"name":"Shaded","section":"Shading Mode"},"sceneLighting":false,"audioPlay":false,"sceneViewState":{"m_AlwaysRefresh":false,"showFog":true,"showSkybox":false,"showFlares":true,"showImageEffects":true,"showParticleSystems":true,"showVisualEffectGraphs":true,"m_FxEnabled":true},"in2DMode":false,"pivot":{"x":-0.600006103515625,"y":4.6699981689453129,"z":-0.009999990463256836},"rotation":{"x":-0.1381387561559677,"y":-0.42130520939826968,"z":0.0651007816195488,"w":-0.8939719200134277},"size":3.6773529052734377,"orthographic":false}